web-scraper-order,web-scraper-start-url,categori-link,categori-link-href,subcategory-link,subcategory-link-href,product-link,product-link-href,name,price,description,image-src
"1582311727-51,""https://www.webscraper.io/test-sites/e-commerce/allinone"",""Computers"",""https://www.webscraper.io/test-sites/e-commerce/allinone/computers"",""Laptops"",""https://www.webscraper.io/test-sites/e-commerce/allinone/computers/laptops"",""Hewlett Packard..."",""https://www.webscraper.io/test-sites/e-commerce/allinone/product/324"",""Hewlett Packard Spectre 13-v106na Dark Ash Silver"",""$1273.11"",""Hewlett Packard Spectre 13-v106na Dark Ash Silver, 13.3"""" FHD IPS, Core i5-7200U, 8GB, 256GB SSD, Windows 10 Home"",""/images/test-sites/e-commerce/items/cart2.png"""
"1582311829-100,""https://www.webscraper.io/test-sites/e-commerce/allinone"",""Computers"",""https://www.webscraper.io/test-sites/e-commerce/allinone/computers"",""Laptops"",""https://www.webscraper.io/test-sites/e-commerce/allinone/computers/laptops"",""Inspiron 15"",""https://www.webscraper.io/test-sites/e-commerce/allinone/product/230"",""Inspiron 15"",""$745.99"",""Moon Silver, 15.6"""", Core i7-4510U, 8GB, 1TB, Radeon HD R7 M265 2GB,"",""/images/test-sites/e-commerce/items/cart2.png"""
"1582311658-22,""https://www.webscraper.io/test-sites/e-commerce/allinone"",""Computers"",""https://www.webscraper.io/test-sites/e-commerce/allinone/computers"",""Tablets"",""https://www.webscraper.io/test-sites/e-commerce/allinone/computers/tablets"",""Galaxy Tab 3"",""https://www.webscraper.io/test-sites/e-commerce/allinone/product/213"",""Galaxy Tab 3"",""$107.99"",""7"""", 8GB, Wi-Fi, Android 4.2, Yellow"",""/images/test-sites/e-commerce/items/cart2.png"""
"1582311612-2,""https://www.webscraper.io/test-sites/e-commerce/allinone"",""Phones"",""https://www.webscraper.io/test-sites/e-commerce/allinone/phones"",""Touch"",""https://www.webscraper.io/test-sites/e-commerce/allinone/phones/touch"",""Iphone"",""https://www.webscraper.io/test-sites/e-commerce/allinone/product/199"",""Iphone"",""$899.99"",""Silver"",""/images/test-sites/e-commerce/items/cart2.png"""
"1582311643-15,""https://www.webscraper.io/test-sites/e-commerce/allinone"",""Computers"",""https://www.webscraper.io/test-sites/e-commerce/allinone/computers"",""Tablets"",""https://www.webscraper.io/test-sites/e-commerce/allinone/computers/tablets"",""MeMo PAD FHD 10"",""https://www.webscraper.io/test-sites/e-commerce/allinone/product/216"",""MeMo PAD FHD 10"",""$320.99"",""White, 10.1"""" IPS, 1.6GHz, 2GB, 16GB, Android 4.2"",""/images/test-sites/e-commerce/items/cart2.png"""
"1582311688-32,""https://www.webscraper.io/test-sites/e-commerce/allinone"",""Computers"",""https://www.webscraper.io/test-sites/e-commerce/allinone/computers"",""Laptops"",""https://www.webscraper.io/test-sites/e-commerce/allinone/computers/laptops"",""Asus ROG Strix G..."",""https://www.webscraper.io/test-sites/e-commerce/allinone/product/249"",""Asus ROG Strix GL702ZC-GC209T"",""$1769.00"",""Asus ROG Strix GL702ZC-GC209T, 17.3"""" FHD IPS, Ryzen 7 1700, 16GB, 256GB SSD + 1TB HDD, Radeon RX 580 4GB, Windows 10 Home"",""/images/test-sites/e-commerce/items/cart2.png"""
"1582311610-1,""https://www.webscraper.io/test-sites/e-commerce/allinone"",""Phones"",""https://www.webscraper.io/test-sites/e-commerce/allinone/phones"",""Touch"",""https://www.webscraper.io/test-sites/e-commerce/allinone/phones/touch"",""Iphone"",""https://www.webscraper.io/test-sites/e-commerce/allinone/product/200"",""Iphone"",""$899.99"",""Black"",""/images/test-sites/e-commerce/items/cart2.png"""
"1582311814-93,""https://www.webscraper.io/test-sites/e-commerce/allinone"",""Computers"",""https://www.webscraper.io/test-sites/e-commerce/allinone/computers"",""Laptops"",""https://www.webscraper.io/test-sites/e-commerce/allinone/computers/laptops"",""Dell Inspiron 15..."",""https://www.webscraper.io/test-sites/e-commerce/allinone/product/286"",""Dell Inspiron 15 (7567) Black"",""$1098.42"",""Dell Inspiron 15 (7567) Black, 15.6"""" FHD, Core i5-7300HQ, 8GB, 256GB SSD, GeForce GTX 1050 4GB, Windows 10 Home"",""/images/test-sites/e-commerce/items/cart2.png"""
"1582311670-28,""https://www.webscraper.io/test-sites/e-commerce/allinone"",""Computers"",""https://www.webscraper.io/test-sites/e-commerce/allinone/computers"",""Tablets"",""https://www.webscraper.io/test-sites/e-commerce/allinone/computers/tablets"",""Acer Iconia"",""https://www.webscraper.io/test-sites/e-commerce/allinone/product/202"",""Acer Iconia"",""$96.99"",""7"""" screen, Android, 16GB"",""/images/test-sites/e-commerce/items/cart2.png"""
"1582311652-19,""https://www.webscraper.io/test-sites/e-commerce/allinone"",""Computers"",""https://www.webscraper.io/test-sites/e-commerce/allinone/computers"",""Tablets"",""https://www.webscraper.io/test-sites/e-commerce/allinone/computers/tablets"",""IdeaTab A3500-H"",""https://www.webscraper.io/test-sites/e-commerce/allinone/product/208"",""IdeaTab A3500-H"",""$148.99"",""Blue, 7"""" IPS, Quad-Core 1.3GHz, 8GB, 3G, Android 4.2"",""/images/test-sites/e-commerce/items/cart2.png"""
"1582311868-119,""https://www.webscraper.io/test-sites/e-commerce/allinone"",""Computers"",""https://www.webscraper.io/test-sites/e-commerce/allinone/computers"",""Laptops"",""https://www.webscraper.io/test-sites/e-commerce/allinone/computers/laptops"",""Asus VivoBook 15..."",""https://www.webscraper.io/test-sites/e-commerce/allinone/product/276"",""Asus VivoBook 15 X540UA-DM260 Chocolate Black"",""$468.56"",""Asus VivoBook 15 X540UA-DM260 Chocolate Black, 15.6"""" FHD, Core i3-6006U, 4GB, 256GB SSD, Endless OS, En kbd"",""/images/test-sites/e-commerce/items/cart2.png"""
"1582311843-107,""https://www.webscraper.io/test-sites/e-commerce/allinone"",""Computers"",""https://www.webscraper.io/test-sites/e-commerce/allinone/computers"",""Laptops"",""https://www.webscraper.io/test-sites/e-commerce/allinone/computers/laptops"",""HP 350 G1"",""https://www.webscraper.io/test-sites/e-commerce/allinone/product/235"",""HP 350 G1"",""$577.99"",""15.6"""", Core i5-4200U, 4GB, 750GB, Radeon HD8670M 2GB, Windows"",""/images/test-sites/e-commerce/items/cart2.png"""
"1582311690-33,""https://www.webscraper.io/test-sites/e-commerce/allinone"",""Computers"",""https://www.webscraper.io/test-sites/e-commerce/allinone/computers"",""Laptops"",""https://www.webscraper.io/test-sites/e-commerce/allinone/computers/laptops"",""Asus ROG Strix G..."",""https://www.webscraper.io/test-sites/e-commerce/allinone/product/248"",""Asus ROG Strix GL702ZC-GC154T"",""$1769.00"",""Asus ROG Strix GL702ZC-GC154T, 17.3"""" FHD, Ryzen 7 1700, 16GB, 256GB + 1TB HDD, Radeon RX 580 4GB, Windows 10 Home"",""/images/test-sites/e-commerce/items/cart2.png"""
"1582311781-77,""https://www.webscraper.io/test-sites/e-commerce/allinone"",""Computers"",""https://www.webscraper.io/test-sites/e-commerce/allinone/computers"",""Laptops"",""https://www.webscraper.io/test-sites/e-commerce/allinone/computers/laptops"",""Dell Inspiron 15..."",""https://www.webscraper.io/test-sites/e-commerce/allinone/product/302"",""Dell Inspiron 15 (7567) Black"",""$1144.20"",""Dell Inspiron 15 (7567) Black, 15.6"""" FHD, Core i7-7700HQ, 8GB, 1TB, GeForce GTX 1050 Ti 4GB, Linux + Windows 10 Home"",""/images/test-sites/e-commerce/items/cart2.png"""
"1582311758-66,""https://www.webscraper.io/test-sites/e-commerce/allinone"",""Computers"",""https://www.webscraper.io/test-sites/e-commerce/allinone/computers"",""Laptops"",""https://www.webscraper.io/test-sites/e-commerce/allinone/computers/laptops"",""Acer Predator He..."",""https://www.webscraper.io/test-sites/e-commerce/allinone/product/311"",""Acer Predator Helios 300 (PH317-51)"",""$1187.98"",""Acer Predator Helios 300 (PH317-51), 17.3"""" FHD IPS, Core i7-7700HQ. 8GB, 128GB SSD +1TB, GeForce GTX 1050Ti 4GB, Linux + Windows 10 Home"",""/images/test-sites/e-commerce/items/cart2.png"""
"1582311878-124,""https://www.webscraper.io/test-sites/e-commerce/allinone"",""Computers"",""https://www.webscraper.io/test-sites/e-commerce/allinone/computers"",""Laptops"",""https://www.webscraper.io/test-sites/e-commerce/allinone/computers/laptops"",""Acer Extensa 15..."",""https://www.webscraper.io/test-sites/e-commerce/allinone/product/271"",""Acer Extensa 15 (2540) Black"",""$439.73"",""Acer Extensa 15 (2540) Black, 15.6"""" HD, Core i5-7200U, 4GB, 500GB, Linux"",""/images/test-sites/e-commerce/items/cart2.png"""
"1582311621-6,""https://www.webscraper.io/test-sites/e-commerce/allinone"",""Phones"",""https://www.webscraper.io/test-sites/e-commerce/allinone/phones"",""Touch"",""https://www.webscraper.io/test-sites/e-commerce/allinone/phones/touch"",""Nokia X"",""https://www.webscraper.io/test-sites/e-commerce/allinone/product/195"",""Nokia X"",""$109.99"",""Andoid, Jolla dualboot"",""/images/test-sites/e-commerce/items/cart2.png"""
"1582311656-21,""https://www.webscraper.io/test-sites/e-commerce/allinone"",""Computers"",""https://www.webscraper.io/test-sites/e-commerce/allinone/computers"",""Tablets"",""https://www.webscraper.io/test-sites/e-commerce/allinone/computers/tablets"",""IdeaTab A8-50"",""https://www.webscraper.io/test-sites/e-commerce/allinone/product/219"",""IdeaTab A8-50"",""$121.99"",""Blue, 8"""" IPS, Quad-Core 1.3GHz, 16GB, Android 4.2"",""/images/test-sites/e-commerce/items/cart2.png"""
"1582311625-8,""https://www.webscraper.io/test-sites/e-commerce/allinone"",""Phones"",""https://www.webscraper.io/test-sites/e-commerce/allinone/phones"",""Touch"",""https://www.webscraper.io/test-sites/e-commerce/allinone/phones/touch"",""LG Optimus"",""https://www.webscraper.io/test-sites/e-commerce/allinone/product/193"",""LG Optimus"",""$57.99"",""3.2"""" screen"",""/images/test-sites/e-commerce/items/cart2.png"""
"1582311719-47,""https://www.webscraper.io/test-sites/e-commerce/allinone"",""Computers"",""https://www.webscraper.io/test-sites/e-commerce/allinone/computers"",""Laptops"",""https://www.webscraper.io/test-sites/e-commerce/allinone/computers/laptops"",""Dell Latitude 54..."",""https://www.webscraper.io/test-sites/e-commerce/allinone/product/327"",""Dell Latitude 5480"",""$1310.39"",""Dell Latitude 5480, 14"""" FHD, Core i7-7600U, 8GB, 256GB SSD, Windows 10 Pro"",""/images/test-sites/e-commerce/items/cart2.png"""
"1582311824-98,""https://www.webscraper.io/test-sites/e-commerce/allinone"",""Computers"",""https://www.webscraper.io/test-sites/e-commerce/allinone/computers"",""Laptops"",""https://www.webscraper.io/test-sites/e-commerce/allinone/computers/laptops"",""Acer Nitro 5 AN5..."",""https://www.webscraper.io/test-sites/e-commerce/allinone/product/243"",""Acer Nitro 5 AN515-51"",""$809.00"",""Acer Nitro 5 AN515-51, 15.6"""" FHD IPS, Core i5-7300HQ, 8GB, 1TB, GeForce GTX 1050 2GB, Windows 10 Home"",""/images/test-sites/e-commerce/items/cart2.png"""
"1582311847-109,""https://www.webscraper.io/test-sites/e-commerce/allinone"",""Computers"",""https://www.webscraper.io/test-sites/e-commerce/allinone/computers"",""Laptops"",""https://www.webscraper.io/test-sites/e-commerce/allinone/computers/laptops"",""HP 250 G3"",""https://www.webscraper.io/test-sites/e-commerce/allinone/product/233"",""HP 250 G3"",""$520.99"",""15.6"""", Core i5-4210U, 4GB, 500GB, Windows 8.1"",""/images/test-sites/e-commerce/items/cart2.png"""
"1582311835-103,""https://www.webscraper.io/test-sites/e-commerce/allinone"",""Computers"",""https://www.webscraper.io/test-sites/e-commerce/allinone/computers"",""Laptops"",""https://www.webscraper.io/test-sites/e-commerce/allinone/computers/laptops"",""Dell Inspiron 15"",""https://www.webscraper.io/test-sites/e-commerce/allinone/product/240"",""Dell Inspiron 15"",""$679.00"",""Dell Inspiron 15 (5567) Fog Gray, 15.6"""" FHD, Core i5-7200U, 8GB, 1TB, Radeon R7 M445 4GB, Linux"",""/images/test-sites/e-commerce/items/cart2.png"""
"1582311635-11,""https://www.webscraper.io/test-sites/e-commerce/allinone"",""Computers"",""https://www.webscraper.io/test-sites/e-commerce/allinone/computers"",""Tablets"",""https://www.webscraper.io/test-sites/e-commerce/allinone/computers/tablets"",""Galaxy Note 10.1"",""https://www.webscraper.io/test-sites/e-commerce/allinone/product/215"",""Galaxy Note 10.1"",""$587.99"",""10.1"""", 32GB, Black"",""/images/test-sites/e-commerce/items/cart2.png"""
"1582311905-137,""https://www.webscraper.io/test-sites/e-commerce/allinone"",""Computers"",""https://www.webscraper.io/test-sites/e-commerce/allinone/computers"",""Laptops"",""https://www.webscraper.io/test-sites/e-commerce/allinone/computers/laptops"",""Acer Aspire 3 A3..."",""https://www.webscraper.io/test-sites/e-commerce/allinone/product/260"",""Acer Aspire 3 A315-31 Black"",""$391.48"",""Acer Aspire 3 A315-31 Black, 15.6"""" HD, Pentium N4200 1.1GHz, 4GB, 128GB SSD, Windows 10 Home"",""/images/test-sites/e-commerce/items/cart2.png"""
"1582311820-96,""https://www.webscraper.io/test-sites/e-commerce/allinone"",""Computers"",""https://www.webscraper.io/test-sites/e-commerce/allinone/computers"",""Laptops"",""https://www.webscraper.io/test-sites/e-commerce/allinone/computers/laptops"",""Lenovo ThinkPad..."",""https://www.webscraper.io/test-sites/e-commerce/allinone/product/245"",""Lenovo ThinkPad L570"",""$999.00"",""Lenovo ThinkPad L570, 15.6"""" FHD, Core i7-7500U, 8GB, 256GB SSD, Windows 10 Pro"",""/images/test-sites/e-commerce/items/cart2.png"""
"1582311740-57,""https://www.webscraper.io/test-sites/e-commerce/allinone"",""Computers"",""https://www.webscraper.io/test-sites/e-commerce/allinone/computers"",""Laptops"",""https://www.webscraper.io/test-sites/e-commerce/allinone/computers/laptops"",""Dell Latitude 54..."",""https://www.webscraper.io/test-sites/e-commerce/allinone/product/319"",""Dell Latitude 5480"",""$1238.37"",""Dell Latitude 5480, 14"""" FHD, Core i7-7600U, 8GB, 256GB SSD, Linux"",""/images/test-sites/e-commerce/items/cart2.png"""
"1582311666-26,""https://www.webscraper.io/test-sites/e-commerce/allinone"",""Computers"",""https://www.webscraper.io/test-sites/e-commerce/allinone/computers"",""Tablets"",""https://www.webscraper.io/test-sites/e-commerce/allinone/computers/tablets"",""Iconia B1-730HD"",""https://www.webscraper.io/test-sites/e-commerce/allinone/product/218"",""Iconia B1-730HD"",""$99.99"",""Black, 7"""", 1.6GHz Dual-Core, 8GB, Android 4.4"",""/images/test-sites/e-commerce/items/cart2.png"""
"1582311715-45,""https://www.webscraper.io/test-sites/e-commerce/allinone"",""Computers"",""https://www.webscraper.io/test-sites/e-commerce/allinone/computers"",""Laptops"",""https://www.webscraper.io/test-sites/e-commerce/allinone/computers/laptops"",""Hewlett Packard..."",""https://www.webscraper.io/test-sites/e-commerce/allinone/product/328"",""Hewlett Packard ProBook 640 G3"",""$1326.83"",""Hewlett Packard ProBook 640 G3, 14"""" FHD, Core i7-7600U, 8GB, 256GB SSD, Windows 10 Pro"",""/images/test-sites/e-commerce/items/cart2.png"""
"1582311654-20,""https://www.webscraper.io/test-sites/e-commerce/allinone"",""Computers"",""https://www.webscraper.io/test-sites/e-commerce/allinone/computers"",""Tablets"",""https://www.webscraper.io/test-sites/e-commerce/allinone/computers/tablets"",""MeMO Pad 7"",""https://www.webscraper.io/test-sites/e-commerce/allinone/product/211"",""MeMO Pad 7"",""$130.99"",""White, 7"""", Atom 1.2GHz, 8GB, Android 4.4"",""/images/test-sites/e-commerce/items/cart2.png"""
"1582311926-147,""https://www.webscraper.io/test-sites/e-commerce/allinone"",""Computers"",""https://www.webscraper.io/test-sites/e-commerce/allinone/computers"",""Laptops"",""https://www.webscraper.io/test-sites/e-commerce/allinone/computers/laptops"",""Asus VivoBook X4..."",""https://www.webscraper.io/test-sites/e-commerce/allinone/product/251"",""Asus VivoBook X441NA-GA190"",""$295.99"",""Asus VivoBook X441NA-GA190 Chocolate Black, 14"""", Celeron N3450, 4GB, 128GB SSD, Endless OS, ENG kbd"",""/images/test-sites/e-commerce/items/cart2.png"""
"1582311845-108,""https://www.webscraper.io/test-sites/e-commerce/allinone"",""Computers"",""https://www.webscraper.io/test-sites/e-commerce/allinone/computers"",""Laptops"",""https://www.webscraper.io/test-sites/e-commerce/allinone/computers/laptops"",""Acer Spin 5"",""https://www.webscraper.io/test-sites/e-commerce/allinone/product/238"",""Acer Spin 5"",""$564.98"",""Acer Spin 5 SP513-51 Black, 13.3"""" FHD Touch, Core i3-7100U, 4GB, 128GB SSD, Windows 10 Home"",""/images/test-sites/e-commerce/items/cart2.png"""
"1582311909-139,""https://www.webscraper.io/test-sites/e-commerce/allinone"",""Computers"",""https://www.webscraper.io/test-sites/e-commerce/allinone/computers"",""Laptops"",""https://www.webscraper.io/test-sites/e-commerce/allinone/computers/laptops"",""Acer Aspire A315..."",""https://www.webscraper.io/test-sites/e-commerce/allinone/product/258"",""Acer Aspire A315-31-C33J"",""$379.94"",""Acer Aspire A315-31-C33J Black 15.6"""", HD, Celeron N3350, 4GB DDR3L, 128GB, Windows 10 Home, ENG"",""/images/test-sites/e-commerce/items/cart2.png"""
"1582311886-128,""https://www.webscraper.io/test-sites/e-commerce/allinone"",""Computers"",""https://www.webscraper.io/test-sites/e-commerce/allinone/computers"",""Laptops"",""https://www.webscraper.io/test-sites/e-commerce/allinone/computers/laptops"",""Packard 255 G2"",""https://www.webscraper.io/test-sites/e-commerce/allinone/product/222"",""Packard 255 G2"",""$416.99"",""15.6"""", AMD E2-3800 1.3GHz, 4GB, 500GB, Windows 8.1"",""/images/test-sites/e-commerce/items/cart2.png"""
"1582311806-89,""https://www.webscraper.io/test-sites/e-commerce/allinone"",""Computers"",""https://www.webscraper.io/test-sites/e-commerce/allinone/computers"",""Laptops"",""https://www.webscraper.io/test-sites/e-commerce/allinone/computers/laptops"",""Dell Latitude 52..."",""https://www.webscraper.io/test-sites/e-commerce/allinone/product/290"",""Dell Latitude 5280"",""$1102.66"",""Dell Latitude 5280, 12.5"""" HD, Core i5-7300U, 8GB, 256GB SSD, Windows 10 Pro"",""/images/test-sites/e-commerce/items/cart2.png"""
"1582311762-68,""https://www.webscraper.io/test-sites/e-commerce/allinone"",""Computers"",""https://www.webscraper.io/test-sites/e-commerce/allinone/computers"",""Laptops"",""https://www.webscraper.io/test-sites/e-commerce/allinone/computers/laptops"",""MSI GS63 7RD Ste..."",""https://www.webscraper.io/test-sites/e-commerce/allinone/product/309"",""MSI GS63 7RD Stealth"",""$1179.00"",""MSI GS63 7RD Stealth, 15.6"""" FHD IPS, Core i7-7700HQ, 8GB, 256GB SSD, GeForce GTX 1050 2GB, DOS + Windows 10 Home"",""/images/test-sites/e-commerce/items/cart2.png"""
"1582311857-114,""https://www.webscraper.io/test-sites/e-commerce/allinone"",""Computers"",""https://www.webscraper.io/test-sites/e-commerce/allinone/computers"",""Laptops"",""https://www.webscraper.io/test-sites/e-commerce/allinone/computers/laptops"",""Acer Swift 1 SF1..."",""https://www.webscraper.io/test-sites/e-commerce/allinone/product/281"",""Acer Swift 1 SF113-31 Silver"",""$488.64"",""Acer Swift 1 SF113-31 Silver, 13.3"""" FHD, Pentium N4200, 4GB, 128GB SSD, Windows 10 Home"",""/images/test-sites/e-commerce/items/cart2.png"""
"1582311615-3,""https://www.webscraper.io/test-sites/e-commerce/allinone"",""Phones"",""https://www.webscraper.io/test-sites/e-commerce/allinone/phones"",""Touch"",""https://www.webscraper.io/test-sites/e-commerce/allinone/phones/touch"",""Iphone"",""https://www.webscraper.io/test-sites/e-commerce/allinone/product/198"",""Iphone"",""$899.99"",""White"",""/images/test-sites/e-commerce/items/cart2.png"""
"1582311738-56,""https://www.webscraper.io/test-sites/e-commerce/allinone"",""Computers"",""https://www.webscraper.io/test-sites/e-commerce/allinone/computers"",""Laptops"",""https://www.webscraper.io/test-sites/e-commerce/allinone/computers/laptops"",""Asus ZenBook UX5..."",""https://www.webscraper.io/test-sites/e-commerce/allinone/product/320"",""Asus ZenBook UX530UX-FY040T Blue"",""$1239.20"",""Asus ZenBook UX530UX-FY040T Blue, 15.6"""" FHD, Core i7-7500U, 8GB, 512GB SSD, GeForce GTX950M 2GB, Windows 10 Home, Eng kbd"",""/images/test-sites/e-commerce/items/cart2.png"""
"1582311793-83,""https://www.webscraper.io/test-sites/e-commerce/allinone"",""Computers"",""https://www.webscraper.io/test-sites/e-commerce/allinone/computers"",""Laptops"",""https://www.webscraper.io/test-sites/e-commerce/allinone/computers/laptops"",""Dell Inspiron 17..."",""https://www.webscraper.io/test-sites/e-commerce/allinone/product/296"",""Dell Inspiron 17 2in1 (7779) Silver"",""$1124.20"",""Dell Inspiron 17 2in1 (7779) Silver, 17.3"""" FHD Touch, Core i5-7200U, 12GB, 1TB, GeForce GT940MX 2GB, Windows 10 Home"",""/images/test-sites/e-commerce/items/cart2.png"""
"1582311897-133,""https://www.webscraper.io/test-sites/e-commerce/allinone"",""Computers"",""https://www.webscraper.io/test-sites/e-commerce/allinone/computers"",""Laptops"",""https://www.webscraper.io/test-sites/e-commerce/allinone/computers/laptops"",""Lenovo ThinkPad..."",""https://www.webscraper.io/test-sites/e-commerce/allinone/product/263"",""Lenovo ThinkPad E31-80"",""$404.23"",""Lenovo ThinkPad E31-80, 13.3"""" HD, Celeron 3855U 1.6GHz, 4GB, 128GB SSD, Windows 10 Home"",""/images/test-sites/e-commerce/items/cart2.png"""
"1582311639-13,""https://www.webscraper.io/test-sites/e-commerce/allinone"",""Computers"",""https://www.webscraper.io/test-sites/e-commerce/allinone/computers"",""Tablets"",""https://www.webscraper.io/test-sites/e-commerce/allinone/computers/tablets"",""Galaxy Note"",""https://www.webscraper.io/test-sites/e-commerce/allinone/product/210"",""Galaxy Note"",""$489.99"",""12.2"""", 32GB, WiFi, Android 4.4, White"",""/images/test-sites/e-commerce/items/cart2.png"""
"1582311756-65,""https://www.webscraper.io/test-sites/e-commerce/allinone"",""Computers"",""https://www.webscraper.io/test-sites/e-commerce/allinone/computers"",""Laptops"",""https://www.webscraper.io/test-sites/e-commerce/allinone/computers/laptops"",""MSI GL62M 7REX"",""https://www.webscraper.io/test-sites/e-commerce/allinone/product/312"",""MSI GL62M 7REX"",""$1199.00"",""MSI GL62M 7REX, 15.6"""" FHD, Core i7-7700HQ, 8GB, 1TB + 128GB SSD, GeForce GTX 1050 Ti 2GB, Windows 10 Home"",""/images/test-sites/e-commerce/items/cart2.png"""
"1582311917-143,""https://www.webscraper.io/test-sites/e-commerce/allinone"",""Computers"",""https://www.webscraper.io/test-sites/e-commerce/allinone/computers"",""Laptops"",""https://www.webscraper.io/test-sites/e-commerce/allinone/computers/laptops"",""Lenovo V110-15IA..."",""https://www.webscraper.io/test-sites/e-commerce/allinone/product/254"",""Lenovo V110-15IAP"",""$321.94"",""Lenovo V110-15IAP, 15.6"""" HD, Celeron N3350 1.1GHz, 4GB, 128GB SSD, Windows 10 Home"",""/images/test-sites/e-commerce/items/cart2.png"""
"1582311808-90,""https://www.webscraper.io/test-sites/e-commerce/allinone"",""Computers"",""https://www.webscraper.io/test-sites/e-commerce/allinone/computers"",""Laptops"",""https://www.webscraper.io/test-sites/e-commerce/allinone/computers/laptops"",""Asus ROG Strix G..."",""https://www.webscraper.io/test-sites/e-commerce/allinone/product/289"",""Asus ROG Strix GL553VD-DM535T"",""$1101.83"",""Apple MacBook Air 13.3"""", Core i5 1.8GHz, 8GB, 128GB SSD, Intel HD 4000, RUS"",""/images/test-sites/e-commerce/items/cart2.png"""
"1582311674-30,""https://www.webscraper.io/test-sites/e-commerce/allinone"",""Computers"",""https://www.webscraper.io/test-sites/e-commerce/allinone/computers"",""Tablets"",""https://www.webscraper.io/test-sites/e-commerce/allinone/computers/tablets"",""Lenovo IdeaTab"",""https://www.webscraper.io/test-sites/e-commerce/allinone/product/201"",""Lenovo IdeaTab"",""$69.99"",""7"""" screen, Android"",""/images/test-sites/e-commerce/items/cart2.png"""
"1582311882-126,""https://www.webscraper.io/test-sites/e-commerce/allinone"",""Computers"",""https://www.webscraper.io/test-sites/e-commerce/allinone/computers"",""Laptops"",""https://www.webscraper.io/test-sites/e-commerce/allinone/computers/laptops"",""Acer Aspire 3 A3..."",""https://www.webscraper.io/test-sites/e-commerce/allinone/product/269"",""Acer Aspire 3 A315-51"",""$436.29"",""Acer Aspire 3 A315-51, 15.6"""" HD, Core i3-6006U, 4GB, 1TB, Windows 10 Home"",""/images/test-sites/e-commerce/items/cart2.png"""
"1582311662-24,""https://www.webscraper.io/test-sites/e-commerce/allinone"",""Computers"",""https://www.webscraper.io/test-sites/e-commerce/allinone/computers"",""Tablets"",""https://www.webscraper.io/test-sites/e-commerce/allinone/computers/tablets"",""Asus MeMO Pad"",""https://www.webscraper.io/test-sites/e-commerce/allinone/product/203"",""Asus MeMO Pad"",""$102.99"",""7"""" screen, Android, 8GB"",""/images/test-sites/e-commerce/items/cart2.png"""
"1582311791-82,""https://www.webscraper.io/test-sites/e-commerce/allinone"",""Computers"",""https://www.webscraper.io/test-sites/e-commerce/allinone/computers"",""Laptops"",""https://www.webscraper.io/test-sites/e-commerce/allinone/computers/laptops"",""Dell Latitude 54..."",""https://www.webscraper.io/test-sites/e-commerce/allinone/product/297"",""Dell Latitude 5480"",""$1133.82"",""Dell Latitude 5480, 14"""" FHD, Core i5-7300U, 8GB, 500GB, Windows 10 Pro"",""/images/test-sites/e-commerce/items/cart2.png"""
"1582311736-55,""https://www.webscraper.io/test-sites/e-commerce/allinone"",""Computers"",""https://www.webscraper.io/test-sites/e-commerce/allinone/computers"",""Laptops"",""https://www.webscraper.io/test-sites/e-commerce/allinone/computers/laptops"",""ThinkPad X230"",""https://www.webscraper.io/test-sites/e-commerce/allinone/product/232"",""ThinkPad X230"",""$1244.99"",""12.5"""", Core i5 2.6GHz, 8GB, 180GB SSD, Win7 Pro 64bit"",""/images/test-sites/e-commerce/items/cart2.png"""
"1582311664-25,""https://www.webscraper.io/test-sites/e-commerce/allinone"",""Computers"",""https://www.webscraper.io/test-sites/e-commerce/allinone/computers"",""Tablets"",""https://www.webscraper.io/test-sites/e-commerce/allinone/computers/tablets"",""Memo Pad HD 7"",""https://www.webscraper.io/test-sites/e-commerce/allinone/product/214"",""Memo Pad HD 7"",""$101.99"",""IPS, Dual-Core 1.2GHz, 8GB, Android 4.3"",""/images/test-sites/e-commerce/items/cart2.png"""
"1582311880-125,""https://www.webscraper.io/test-sites/e-commerce/allinone"",""Computers"",""https://www.webscraper.io/test-sites/e-commerce/allinone/computers"",""Laptops"",""https://www.webscraper.io/test-sites/e-commerce/allinone/computers/laptops"",""Acer Aspire ES1-..."",""https://www.webscraper.io/test-sites/e-commerce/allinone/product/270"",""Acer Aspire ES1-572 Black"",""$436.29"",""Acer Aspire ES1-572 Black, 15.6"""" HD, Core i3-6006U, 4GB, 500GB, Windows 10 Home"",""/images/test-sites/e-commerce/items/cart2.png"""
"1582311795-84,""https://www.webscraper.io/test-sites/e-commerce/allinone"",""Computers"",""https://www.webscraper.io/test-sites/e-commerce/allinone/computers"",""Laptops"",""https://www.webscraper.io/test-sites/e-commerce/allinone/computers/laptops"",""Acer Aspire 7 A7..."",""https://www.webscraper.io/test-sites/e-commerce/allinone/product/295"",""Acer Aspire 7 A715-71G"",""$1123.87"",""Acer Aspire 7 A715-71G, 15.6"""" FHD IPS, Core i7-7700HQ, 8GB, 128GB SSD + 1TB HDD, GTX 1050 Ti 4GB, Windows 10 Home"",""/images/test-sites/e-commerce/items/cart2.png"""
"1582311721-48,""https://www.webscraper.io/test-sites/e-commerce/allinone"",""Computers"",""https://www.webscraper.io/test-sites/e-commerce/allinone/computers"",""Laptops"",""https://www.webscraper.io/test-sites/e-commerce/allinone/computers/laptops"",""MSI GL62VR 7RFX"",""https://www.webscraper.io/test-sites/e-commerce/allinone/product/326"",""MSI GL62VR 7RFX"",""$1299.00"",""MSI GL62VR 7RFX, 15.6"""" FHD, Core i7-7700HQ, 8GB, 1TB + 256GB SSD, GeForce GTX 1060 3GB, Windows 10 Home"",""/images/test-sites/e-commerce/items/cart2.png"""
"1582311919-144,""https://www.webscraper.io/test-sites/e-commerce/allinone"",""Computers"",""https://www.webscraper.io/test-sites/e-commerce/allinone/computers"",""Laptops"",""https://www.webscraper.io/test-sites/e-commerce/allinone/computers/laptops"",""Aspire E1-510"",""https://www.webscraper.io/test-sites/e-commerce/allinone/product/223"",""Aspire E1-510"",""$306.99"",""15.6"""", Pentium N3520 2.16GHz, 4GB, 500GB, Linux"",""/images/test-sites/e-commerce/items/cart2.png"""
"1582311779-76,""https://www.webscraper.io/test-sites/e-commerce/allinone"",""Computers"",""https://www.webscraper.io/test-sites/e-commerce/allinone/computers"",""Laptops"",""https://www.webscraper.io/test-sites/e-commerce/allinone/computers/laptops"",""Dell Latitude 55..."",""https://www.webscraper.io/test-sites/e-commerce/allinone/product/303"",""Dell Latitude 5580"",""$1144.40"",""Dell Latitude 5580, 15.6"""" FHD, Core i5-7300U, 8GB, 256GB SSD, Windows 10 Pro"",""/images/test-sites/e-commerce/items/cart2.png"""
"1582311841-106,""https://www.webscraper.io/test-sites/e-commerce/allinone"",""Computers"",""https://www.webscraper.io/test-sites/e-commerce/allinone/computers"",""Laptops"",""https://www.webscraper.io/test-sites/e-commerce/allinone/computers/laptops"",""Aspire E1-572G"",""https://www.webscraper.io/test-sites/e-commerce/allinone/product/227"",""Aspire E1-572G"",""$581.99"",""15.6"""", Core i5-4200U, 8GB, 1TB, Radeon R7 M265, Windows 8.1"",""/images/test-sites/e-commerce/items/cart2.png"""
"1582311923-146,""https://www.webscraper.io/test-sites/e-commerce/allinone"",""Computers"",""https://www.webscraper.io/test-sites/e-commerce/allinone/computers"",""Laptops"",""https://www.webscraper.io/test-sites/e-commerce/allinone/computers/laptops"",""Prestigio SmartB..."",""https://www.webscraper.io/test-sites/e-commerce/allinone/product/252"",""Prestigio SmartBook 133S Dark Grey"",""$299.00"",""Prestigio SmartBook 133S Dark Grey, 13.3"""" FHD IPS, Celeron N3350 1.1GHz, 4GB, 32GB, Windows 10 Pro + Office 365 1 gadam"",""/images/test-sites/e-commerce/items/cart2.png"""
"1582311723-49,""https://www.webscraper.io/test-sites/e-commerce/allinone"",""Computers"",""https://www.webscraper.io/test-sites/e-commerce/allinone/computers"",""Laptops"",""https://www.webscraper.io/test-sites/e-commerce/allinone/computers/laptops"",""Toshiba Portege..."",""https://www.webscraper.io/test-sites/e-commerce/allinone/product/325"",""Toshiba Portege Z30-C-16K Grey"",""$1294.74"",""Toshiba Portege Z30-C-16K Grey, 13.3"""" FHD, Core i5-6200U, 8GB, 256GB SSD, 4G, Windows 10 Pro"",""/images/test-sites/e-commerce/items/cart2.png"""
"1582311777-75,""https://www.webscraper.io/test-sites/e-commerce/allinone"",""Computers"",""https://www.webscraper.io/test-sites/e-commerce/allinone/computers"",""Laptops"",""https://www.webscraper.io/test-sites/e-commerce/allinone/computers/laptops"",""MSI GP62M 7RDX L..."",""https://www.webscraper.io/test-sites/e-commerce/allinone/product/304"",""MSI GP62M 7RDX Leopard"",""$1149.00"",""MSI GP62M 7RDX Leopard, 15.6"""" FHD, Core i7-7700HQ, 8GB, 1TB + 128GB SSD, GeForce GTX 1050 2GB, Windows 10 Home"",""/images/test-sites/e-commerce/items/cart2.png"""
"1582311892-131,""https://www.webscraper.io/test-sites/e-commerce/allinone"",""Computers"",""https://www.webscraper.io/test-sites/e-commerce/allinone/computers"",""Laptops"",""https://www.webscraper.io/test-sites/e-commerce/allinone/computers/laptops"",""Lenovo V110-15IS..."",""https://www.webscraper.io/test-sites/e-commerce/allinone/product/265"",""Lenovo V110-15ISK"",""$409.63"",""Lenovo V110-15ISK, 15.6"""" HD, Core i3-6006U, 8GB, 128GB SSD, Windows 10 Home"",""/images/test-sites/e-commerce/items/cart2.png"""
"1582311802-87,""https://www.webscraper.io/test-sites/e-commerce/allinone"",""Computers"",""https://www.webscraper.io/test-sites/e-commerce/allinone/computers"",""Laptops"",""https://www.webscraper.io/test-sites/e-commerce/allinone/computers/laptops"",""Lenovo Legion Y5..."",""https://www.webscraper.io/test-sites/e-commerce/allinone/product/292"",""Lenovo Legion Y520-15IKBM"",""$1112.91"",""Lenovo Legion Y520-15IKBM, Black, 15.6"""" FHD IPS, Core i5-7300HQ, 8 GB, 128GB SSD + 2 TB HDD, NVIDIA GeForce GTX 1060 6 GB, FreeDOS + Windows 10 Home"",""/images/test-sites/e-commerce/items/cart2.png"""
"1582311771-72,""https://www.webscraper.io/test-sites/e-commerce/allinone"",""Computers"",""https://www.webscraper.io/test-sites/e-commerce/allinone/computers"",""Laptops"",""https://www.webscraper.io/test-sites/e-commerce/allinone/computers/laptops"",""Toshiba Portege..."",""https://www.webscraper.io/test-sites/e-commerce/allinone/product/306"",""Toshiba Portege Z30-C-16L Grey"",""$1154.04"",""Toshiba Portege Z30-C-16L Grey, 13.3"""" FHD, Core i7-6500U, 8GB, 256GB SSD, Windows 10 Pro"",""/images/test-sites/e-commerce/items/cart2.png"""
"1582311694-35,""https://www.webscraper.io/test-sites/e-commerce/allinone"",""Computers"",""https://www.webscraper.io/test-sites/e-commerce/allinone/computers"",""Laptops"",""https://www.webscraper.io/test-sites/e-commerce/allinone/computers/laptops"",""Asus ROG Strix G..."",""https://www.webscraper.io/test-sites/e-commerce/allinone/product/338"",""Asus ROG Strix GL702VM-GC146T"",""$1399.00"",""Asus ROG Strix GL702VM-GC146T, 17.3"""" FHD, Core i7-7700HQ, 8GB, 1TB + 128GB SSD, GeForce GTX 1060 3GB, Windows 10 Home, Eng kbd"",""/images/test-sites/e-commerce/items/cart2.png"""
"1582311672-29,""https://www.webscraper.io/test-sites/e-commerce/allinone"",""Computers"",""https://www.webscraper.io/test-sites/e-commerce/allinone/computers"",""Tablets"",""https://www.webscraper.io/test-sites/e-commerce/allinone/computers/tablets"",""IdeaTab A3500L"",""https://www.webscraper.io/test-sites/e-commerce/allinone/product/206"",""IdeaTab A3500L"",""$88.99"",""Black, 7"""" IPS, Quad-Core 1.2GHz, 8GB, Android 4.2"",""/images/test-sites/e-commerce/items/cart2.png"""
"1582311752-63,""https://www.webscraper.io/test-sites/e-commerce/allinone"",""Computers"",""https://www.webscraper.io/test-sites/e-commerce/allinone/computers"",""Laptops"",""https://www.webscraper.io/test-sites/e-commerce/allinone/computers/laptops"",""Lenovo Yoga 910..."",""https://www.webscraper.io/test-sites/e-commerce/allinone/product/314"",""Lenovo Yoga 910 Grey"",""$1199.73"",""Lenovo Yoga 910 Grey, 13.9"""" FHD Touch, Core i5-7200U, 8GB, 256GB SSD, Windows 10 Home"",""/images/test-sites/e-commerce/items/cart2.png"""
"1582311754-64,""https://www.webscraper.io/test-sites/e-commerce/allinone"",""Computers"",""https://www.webscraper.io/test-sites/e-commerce/allinone/computers"",""Laptops"",""https://www.webscraper.io/test-sites/e-commerce/allinone/computers/laptops"",""MSI GL62M 7REX2"",""https://www.webscraper.io/test-sites/e-commerce/allinone/product/313"",""MSI GL62M 7REX2"",""$1199.00"",""MSI GL62M 7REX2, 15.6"""" FHD, Core i7-7700HQ, 8GB, 1TB + 128GB SSD, GeForce GTX 1050 Ti 2GB, Windows 10 Home"",""/images/test-sites/e-commerce/items/cart2.png"""
"1582311913-141,""https://www.webscraper.io/test-sites/e-commerce/allinone"",""Computers"",""https://www.webscraper.io/test-sites/e-commerce/allinone/computers"",""Laptops"",""https://www.webscraper.io/test-sites/e-commerce/allinone/computers/laptops"",""Hewlett Packard..."",""https://www.webscraper.io/test-sites/e-commerce/allinone/product/256"",""Hewlett Packard 250 G6 Dark Ash Silver"",""$364.46"",""Hewlett Packard 250 G6 Dark Ash Silver, 15.6"""" HD, Celeron N3060 1.6GHz, 4GB, 128GB SSD, DOS"",""/images/test-sites/e-commerce/items/cart2.png"""
"1582311717-46,""https://www.webscraper.io/test-sites/e-commerce/allinone"",""Computers"",""https://www.webscraper.io/test-sites/e-commerce/allinone/computers"",""Laptops"",""https://www.webscraper.io/test-sites/e-commerce/allinone/computers/laptops"",""ThinkPad X240"",""https://www.webscraper.io/test-sites/e-commerce/allinone/product/226"",""ThinkPad X240"",""$1311.99"",""12.5"""", Core i5-4300U, 8GB, 240GB SSD, Win7 Pro 64bit"",""/images/test-sites/e-commerce/items/cart2.png"""
"1582311833-102,""https://www.webscraper.io/test-sites/e-commerce/allinone"",""Computers"",""https://www.webscraper.io/test-sites/e-commerce/allinone/computers"",""Laptops"",""https://www.webscraper.io/test-sites/e-commerce/allinone/computers/laptops"",""Asus VivoBook S1..."",""https://www.webscraper.io/test-sites/e-commerce/allinone/product/241"",""Asus VivoBook S14"",""$729.00"",""Asus VivoBook S14 (S406UA-BV041T) Starry Grey, 14"""", Core i5-8250U, 8GB, 256GB SSD, Windows 10 Home, Eng kbd"",""/images/test-sites/e-commerce/items/cart2.png"""
"1582311711-43,""https://www.webscraper.io/test-sites/e-commerce/allinone"",""Computers"",""https://www.webscraper.io/test-sites/e-commerce/allinone/computers"",""Laptops"",""https://www.webscraper.io/test-sites/e-commerce/allinone/computers/laptops"",""Dell Latitude 55..."",""https://www.webscraper.io/test-sites/e-commerce/allinone/product/330"",""Dell Latitude 5580"",""$1337.28"",""Dell Latitude 5580, 15.6"""" FHD, Core i7-7600U, 8GB, 256GB SSD, GeForce GT930MX, Windows 10 Pro"",""/images/test-sites/e-commerce/items/cart2.png"""
"1582311853-112,""https://www.webscraper.io/test-sites/e-commerce/allinone"",""Computers"",""https://www.webscraper.io/test-sites/e-commerce/allinone/computers"",""Laptops"",""https://www.webscraper.io/test-sites/e-commerce/allinone/computers/laptops"",""Acer Aspire 3 A3..."",""https://www.webscraper.io/test-sites/e-commerce/allinone/product/282"",""Acer Aspire 3 A315-51 Black"",""$494.71"",""Acer Aspire 3 A315-51 Black, 15.6"""" FHD, Core i3-7100U, 4GB, 500GB + 128GB SSD, Windows 10 Home"",""/images/test-sites/e-commerce/items/cart2.png"""
"1582311627-9,""https://www.webscraper.io/test-sites/e-commerce/allinone"",""Phones"",""https://www.webscraper.io/test-sites/e-commerce/allinone/phones"",""Touch"",""https://www.webscraper.io/test-sites/e-commerce/allinone/phones/touch"",""Nokia 123"",""https://www.webscraper.io/test-sites/e-commerce/allinone/product/192"",""Nokia 123"",""$24.99"",""7 day battery"",""/images/test-sites/e-commerce/items/cart2.png"""
"1582311765-69,""https://www.webscraper.io/test-sites/e-commerce/allinone"",""Computers"",""https://www.webscraper.io/test-sites/e-commerce/allinone/computers"",""Laptops"",""https://www.webscraper.io/test-sites/e-commerce/allinone/computers/laptops"",""ThinkPad T540p"",""https://www.webscraper.io/test-sites/e-commerce/allinone/product/224"",""ThinkPad T540p"",""$1178.99"",""15.6"""", Core i5-4200M, 4GB, 500GB, Win7 Pro 64bit"",""/images/test-sites/e-commerce/items/cart2.png"""
"1582311849-110,""https://www.webscraper.io/test-sites/e-commerce/allinone"",""Computers"",""https://www.webscraper.io/test-sites/e-commerce/allinone/computers"",""Laptops"",""https://www.webscraper.io/test-sites/e-commerce/allinone/computers/laptops"",""Lenovo V510 Blac..."",""https://www.webscraper.io/test-sites/e-commerce/allinone/product/284"",""Lenovo V510 Black"",""$498.23"",""Lenovo V510 Black, 15.6"""" FHD, Core i3-7100U, 4GB, 128GB SSD, Windows 10 Pro"",""/images/test-sites/e-commerce/items/cart2.png"""
"1582311855-113,""https://www.webscraper.io/test-sites/e-commerce/allinone"",""Computers"",""https://www.webscraper.io/test-sites/e-commerce/allinone/computers"",""Laptops"",""https://www.webscraper.io/test-sites/e-commerce/allinone/computers/laptops"",""Dell Vostro 15"",""https://www.webscraper.io/test-sites/e-commerce/allinone/product/237"",""Dell Vostro 15"",""$488.78"",""Dell Vostro 15 (3568) Black, 15.6"""" FHD, Core i5-7200U, 4GB, 128GB SSD, Radeon R5 M420 2GB, Linux"",""/images/test-sites/e-commerce/items/cart2.png"""
"1582311660-23,""https://www.webscraper.io/test-sites/e-commerce/allinone"",""Computers"",""https://www.webscraper.io/test-sites/e-commerce/allinone/computers"",""Tablets"",""https://www.webscraper.io/test-sites/e-commerce/allinone/computers/tablets"",""Amazon Kindle"",""https://www.webscraper.io/test-sites/e-commerce/allinone/product/204"",""Amazon Kindle"",""$103.99"",""6"""" screen, wifi"",""/images/test-sites/e-commerce/items/cart2.png"""
"1582311744-59,""https://www.webscraper.io/test-sites/e-commerce/allinone"",""Computers"",""https://www.webscraper.io/test-sites/e-commerce/allinone/computers"",""Laptops"",""https://www.webscraper.io/test-sites/e-commerce/allinone/computers/laptops"",""ThinkPad Yoga"",""https://www.webscraper.io/test-sites/e-commerce/allinone/product/234"",""ThinkPad Yoga"",""$1223.99"",""12.5"""" Touch, Core i5 4200U, 8GB, 500GB + 16GB SSD Cache, Windows"",""/images/test-sites/e-commerce/items/cart2.png"""
"1582311798-85,""https://www.webscraper.io/test-sites/e-commerce/allinone"",""Computers"",""https://www.webscraper.io/test-sites/e-commerce/allinone/computers"",""Laptops"",""https://www.webscraper.io/test-sites/e-commerce/allinone/computers/laptops"",""Acer Predator He..."",""https://www.webscraper.io/test-sites/e-commerce/allinone/product/294"",""Acer Predator Helios 300 (PH317-51)"",""$1123.87"",""Acer Predator Helios 300 (PH317-51), 17.3"""" FHD IPS, Core i5-7300HQ, 8GB, 1TB + 128GB SSD, GeForce GTX 1050Ti 4GB, Windows 10 Home"",""/images/test-sites/e-commerce/items/cart2.png"""
"1582311787-80,""https://www.webscraper.io/test-sites/e-commerce/allinone"",""Computers"",""https://www.webscraper.io/test-sites/e-commerce/allinone/computers"",""Laptops"",""https://www.webscraper.io/test-sites/e-commerce/allinone/computers/laptops"",""Asus AsusPro Adv..."",""https://www.webscraper.io/test-sites/e-commerce/allinone/product/299"",""Asus AsusPro Advanced BU401LA-FA271G Dark Grey"",""$1139.54"",""Asus AsusPro Advanced BU401LA-FA271G Dark Grey, 14"""", Core i5-4210U, 4GB, 128GB SSD, Win7 Pro 64bit, ENG"",""/images/test-sites/e-commerce/items/cart2.png"""
"1582311641-14,""https://www.webscraper.io/test-sites/e-commerce/allinone"",""Computers"",""https://www.webscraper.io/test-sites/e-commerce/allinone/computers"",""Tablets"",""https://www.webscraper.io/test-sites/e-commerce/allinone/computers/tablets"",""Galaxy Note"",""https://www.webscraper.io/test-sites/e-commerce/allinone/product/220"",""Galaxy Note"",""$399.99"",""10.1"""", 3G, Android 4.0, Garnet Red"",""/images/test-sites/e-commerce/items/cart2.png"""
"1582311732-53,""https://www.webscraper.io/test-sites/e-commerce/allinone"",""Computers"",""https://www.webscraper.io/test-sites/e-commerce/allinone/computers"",""Laptops"",""https://www.webscraper.io/test-sites/e-commerce/allinone/computers/laptops"",""Apple MacBook Ai..."",""https://www.webscraper.io/test-sites/e-commerce/allinone/product/322"",""Apple MacBook Air 13"""""",""$1260.13"",""Apple MacBook Air 13"""", i5 1.8GHz, 8GB, 256GB SSD, Intel HD 6000, ENG"",""/images/test-sites/e-commerce/items/cart2.png"""
"1582311742-58,""https://www.webscraper.io/test-sites/e-commerce/allinone"",""Computers"",""https://www.webscraper.io/test-sites/e-commerce/allinone/computers"",""Laptops"",""https://www.webscraper.io/test-sites/e-commerce/allinone/computers/laptops"",""Asus VivoBook Pr..."",""https://www.webscraper.io/test-sites/e-commerce/allinone/product/318"",""Asus VivoBook Pro 15 N580VN-FI006T Gold Metal"",""$1235.49"",""Asus VivoBook Pro 15 N580VN-FI006T Gold Metal, 15.6"""" UHD, Core i7-7700HQ, 16GB, 1TB + 256GB SSD, GeForce MX150 2GB, Windows 10 Home, Eng kbd"",""/images/test-sites/e-commerce/items/cart2.png"""
"1582311901-135,""https://www.webscraper.io/test-sites/e-commerce/allinone"",""Computers"",""https://www.webscraper.io/test-sites/e-commerce/allinone/computers"",""Laptops"",""https://www.webscraper.io/test-sites/e-commerce/allinone/computers/laptops"",""Asus VivoBook Ma..."",""https://www.webscraper.io/test-sites/e-commerce/allinone/product/236"",""Asus VivoBook Max"",""$399.00"",""Asus VivoBook Max X541NA-GQ041 Black Chocolate, 15.6"""" HD, Pentium N4200 1.1GHz, 4GB, 500GB, Windows 10 Home"",""/images/test-sites/e-commerce/items/cart2.png"""
"1582311623-7,""https://www.webscraper.io/test-sites/e-commerce/allinone"",""Phones"",""https://www.webscraper.io/test-sites/e-commerce/allinone/phones"",""Touch"",""https://www.webscraper.io/test-sites/e-commerce/allinone/phones/touch"",""Samsung Galaxy"",""https://www.webscraper.io/test-sites/e-commerce/allinone/product/194"",""Samsung Galaxy"",""$93.99"",""5 mpx. Android 5.0"",""/images/test-sites/e-commerce/items/cart2.png"""
"1582311816-94,""https://www.webscraper.io/test-sites/e-commerce/allinone"",""Computers"",""https://www.webscraper.io/test-sites/e-commerce/allinone/computers"",""Laptops"",""https://www.webscraper.io/test-sites/e-commerce/allinone/computers/laptops"",""Lenovo ThinkPad..."",""https://www.webscraper.io/test-sites/e-commerce/allinone/product/285"",""Lenovo ThinkPad L460"",""$1096.02"",""Lenovo ThinkPad L460, 14"""" FHD IPS, Core i7-6600U, 8GB, 256GB SSD, Windows 10 Pro"",""/images/test-sites/e-commerce/items/cart2.png"""
"1582311619-5,""https://www.webscraper.io/test-sites/e-commerce/allinone"",""Phones"",""https://www.webscraper.io/test-sites/e-commerce/allinone/phones"",""Touch"",""https://www.webscraper.io/test-sites/e-commerce/allinone/phones/touch"",""Sony Xperia"",""https://www.webscraper.io/test-sites/e-commerce/allinone/product/196"",""Sony Xperia"",""$118.99"",""GPS, waterproof"",""/images/test-sites/e-commerce/items/cart2.png"""
"1582311876-123,""https://www.webscraper.io/test-sites/e-commerce/allinone"",""Computers"",""https://www.webscraper.io/test-sites/e-commerce/allinone/computers"",""Laptops"",""https://www.webscraper.io/test-sites/e-commerce/allinone/computers/laptops"",""Acer Aspire ES1-..."",""https://www.webscraper.io/test-sites/e-commerce/allinone/product/272"",""Acer Aspire ES1-572 Black"",""$454.62"",""Acer Aspire ES1-572 Black, 15.6"""" HD, Core i5-7200U, 4GB, 500GB, Linux"",""/images/test-sites/e-commerce/items/cart2.png"""
"1582311686-31,""https://www.webscraper.io/test-sites/e-commerce/allinone"",""Computers"",""https://www.webscraper.io/test-sites/e-commerce/allinone/computers"",""Laptops"",""https://www.webscraper.io/test-sites/e-commerce/allinone/computers/laptops"",""Asus ROG Strix S..."",""https://www.webscraper.io/test-sites/e-commerce/allinone/product/250"",""Asus ROG Strix SCAR Edition GL503VM-ED115T"",""$1799.00"",""Asus ROG Strix SCAR Edition GL503VM-ED115T, 15.6"""" FHD 120Hz, Core i7-7700HQ, 16GB, 256GB SSD + 1TB SSHD, GeForce GTX 1060 6GB, Windows 10 Home"",""/images/test-sites/e-commerce/items/cart2.png"""
"1582311633-10,""https://www.webscraper.io/test-sites/e-commerce/allinone"",""Computers"",""https://www.webscraper.io/test-sites/e-commerce/allinone/computers"",""Tablets"",""https://www.webscraper.io/test-sites/e-commerce/allinone/computers/tablets"",""Apple iPad Air"",""https://www.webscraper.io/test-sites/e-commerce/allinone/product/221"",""Apple iPad Air"",""$603.99"",""Wi-Fi, 64GB, Silver"",""/images/test-sites/e-commerce/items/cart2.png"""
"1582311826-99,""https://www.webscraper.io/test-sites/e-commerce/allinone"",""Computers"",""https://www.webscraper.io/test-sites/e-commerce/allinone/computers"",""Laptops"",""https://www.webscraper.io/test-sites/e-commerce/allinone/computers/laptops"",""Asus ROG STRIX G..."",""https://www.webscraper.io/test-sites/e-commerce/allinone/product/242"",""Asus ROG STRIX GL553VD-DM256"",""$799.00"",""Asus ROG STRIX GL553VD-DM256, 15.6"""" FHD, Core i5-7300HQ, 8GB, 1TB, GeForce GTX 1050 2GB, No OS"",""/images/test-sites/e-commerce/items/cart2.png"""
"1582311822-97,""https://www.webscraper.io/test-sites/e-commerce/allinone"",""Computers"",""https://www.webscraper.io/test-sites/e-commerce/allinone/computers"",""Laptops"",""https://www.webscraper.io/test-sites/e-commerce/allinone/computers/laptops"",""Asus ROG STRIX G..."",""https://www.webscraper.io/test-sites/e-commerce/allinone/product/244"",""Asus ROG STRIX GL553VD-DM256"",""$899.00"",""Asus ROG STRIX GL553VD-DM256, 15.6"""" FHD, Core i5-7300HQ, 8GB, 1TB, GeForce GTX 1050 2GB, No OS + Windows 10 Home"",""/images/test-sites/e-commerce/items/cart2.png"""
"1582311707-41,""https://www.webscraper.io/test-sites/e-commerce/allinone"",""Computers"",""https://www.webscraper.io/test-sites/e-commerce/allinone/computers"",""Laptops"",""https://www.webscraper.io/test-sites/e-commerce/allinone/computers/laptops"",""Dell Latitude 55..."",""https://www.webscraper.io/test-sites/e-commerce/allinone/product/332"",""Dell Latitude 5580"",""$1341.22"",""Dell Latitude 5580, 15.6"""" FHD, Core i7-7600U, 16GB, 256GB SSD, GeForce GT930MX, Linux"",""/images/test-sites/e-commerce/items/cart2.png"""
"1582311907-138,""https://www.webscraper.io/test-sites/e-commerce/allinone"",""Computers"",""https://www.webscraper.io/test-sites/e-commerce/allinone/computers"",""Laptops"",""https://www.webscraper.io/test-sites/e-commerce/allinone/computers/laptops"",""Acer Aspire ES1-..."",""https://www.webscraper.io/test-sites/e-commerce/allinone/product/259"",""Acer Aspire ES1-572 Black"",""$379.95"",""Acer Aspire ES1-572 Black, 15.6"""" HD, Core i3-6006U, 4GB, 128GB SSD, Linux"",""/images/test-sites/e-commerce/items/cart2.png"""
"1582311783-78,""https://www.webscraper.io/test-sites/e-commerce/allinone"",""Computers"",""https://www.webscraper.io/test-sites/e-commerce/allinone/computers"",""Laptops"",""https://www.webscraper.io/test-sites/e-commerce/allinone/computers/laptops"",""Dell Latitude 54..."",""https://www.webscraper.io/test-sites/e-commerce/allinone/product/301"",""Dell Latitude 5480"",""$1143.40"",""Dell Latitude 5480, 14"""" FHD, Core i5-7440HQ, 8GB, 256GB SSD, Windows 10 Pro"",""/images/test-sites/e-commerce/items/cart2.png"""
"1582311866-118,""https://www.webscraper.io/test-sites/e-commerce/allinone"",""Computers"",""https://www.webscraper.io/test-sites/e-commerce/allinone/computers"",""Laptops"",""https://www.webscraper.io/test-sites/e-commerce/allinone/computers/laptops"",""Acer Aspire ES1-..."",""https://www.webscraper.io/test-sites/e-commerce/allinone/product/277"",""Acer Aspire ES1-572 Black"",""$469.10"",""Acer Aspire ES1-572 Black, 15.6"""" HD, Core i3-6006U, 4GB, 128GB SSD, Windows 10 Home"",""/images/test-sites/e-commerce/items/cart2.png"""
"1582311775-74,""https://www.webscraper.io/test-sites/e-commerce/allinone"",""Computers"",""https://www.webscraper.io/test-sites/e-commerce/allinone/computers"",""Laptops"",""https://www.webscraper.io/test-sites/e-commerce/allinone/computers/laptops"",""Lenovo Legion Y5..."",""https://www.webscraper.io/test-sites/e-commerce/allinone/product/246"",""Lenovo Legion Y520-15IKBM"",""$1149.00"",""Lenovo Legion Y520-15IKBM, 15.6"""" FHD IPS, Core i7-7700HQ, 8GB, 128GB SSD + 1TB, GeForce GTX 1060 Max-Q 6GB, DOS"",""/images/test-sites/e-commerce/items/cart2.png"""
"1582311800-86,""https://www.webscraper.io/test-sites/e-commerce/allinone"",""Computers"",""https://www.webscraper.io/test-sites/e-commerce/allinone/computers"",""Laptops"",""https://www.webscraper.io/test-sites/e-commerce/allinone/computers/laptops"",""Toshiba Portege..."",""https://www.webscraper.io/test-sites/e-commerce/allinone/product/293"",""Toshiba Portege Z30-C-16J Grey"",""$1114.55"",""Toshiba Portege Z30-C-16J Grey, 13.3"""" FHD, Core i5-6200U, 8GB, 256GB SSD, Windows 10 Pro"",""/images/test-sites/e-commerce/items/cart2.png"""
"1582311705-40,""https://www.webscraper.io/test-sites/e-commerce/allinone"",""Computers"",""https://www.webscraper.io/test-sites/e-commerce/allinone/computers"",""Laptops"",""https://www.webscraper.io/test-sites/e-commerce/allinone/computers/laptops"",""Apple MacBook Ai..."",""https://www.webscraper.io/test-sites/e-commerce/allinone/product/333"",""Apple MacBook Air 13"""""",""$1347.78"",""Apple MacBook Air 13"""", Intel Core i5 1.8GHz, 8GB, 256GB SSD, Intel HD 6000, RUS"",""/images/test-sites/e-commerce/items/cart2.png"""
"1582311709-42,""https://www.webscraper.io/test-sites/e-commerce/allinone"",""Computers"",""https://www.webscraper.io/test-sites/e-commerce/allinone/computers"",""Laptops"",""https://www.webscraper.io/test-sites/e-commerce/allinone/computers/laptops"",""Dell Latitude 54..."",""https://www.webscraper.io/test-sites/e-commerce/allinone/product/331"",""Dell Latitude 5480"",""$1338.37"",""Dell Latitude 5480, 14"""" FHD, Core i7-7600U, 8GB, 256GB SSD, Linux + Windows 10 Home"",""/images/test-sites/e-commerce/items/cart2.png"""
"1582311703-39,""https://www.webscraper.io/test-sites/e-commerce/allinone"",""Computers"",""https://www.webscraper.io/test-sites/e-commerce/allinone/computers"",""Laptops"",""https://www.webscraper.io/test-sites/e-commerce/allinone/computers/laptops"",""Lenovo ThinkPad..."",""https://www.webscraper.io/test-sites/e-commerce/allinone/product/334"",""Lenovo ThinkPad T470"",""$1349.23"",""Lenovo ThinkPad T470, 14"""" FHD IPS, Core i5-7200U, 8GB, 256GB SSD, Windows 10 Pro"",""/images/test-sites/e-commerce/items/cart2.png"""
"1582311617-4,""https://www.webscraper.io/test-sites/e-commerce/allinone"",""Phones"",""https://www.webscraper.io/test-sites/e-commerce/allinone/phones"",""Touch"",""https://www.webscraper.io/test-sites/e-commerce/allinone/phones/touch"",""Ubuntu Edge"",""https://www.webscraper.io/test-sites/e-commerce/allinone/product/197"",""Ubuntu Edge"",""$499.99"",""Sapphire glass"",""/images/test-sites/e-commerce/items/cart2.png"""
"1582311750-62,""https://www.webscraper.io/test-sites/e-commerce/allinone"",""Computers"",""https://www.webscraper.io/test-sites/e-commerce/allinone/computers"",""Laptops"",""https://www.webscraper.io/test-sites/e-commerce/allinone/computers/laptops"",""Toshiba Portege..."",""https://www.webscraper.io/test-sites/e-commerce/allinone/product/315"",""Toshiba Portege X30-D-10J Black/Blue"",""$1203.41"",""Toshiba Portege X30-D-10J Black/Blue, 13.3"""" FHD IPS, Core i5-7200U, 8GB, 256GB SSD, Windows 10 Pro"",""/images/test-sites/e-commerce/items/cart2.png"""
"1582311692-34,""https://www.webscraper.io/test-sites/e-commerce/allinone"",""Computers"",""https://www.webscraper.io/test-sites/e-commerce/allinone/computers"",""Laptops"",""https://www.webscraper.io/test-sites/e-commerce/allinone/computers/laptops"",""Lenovo Legion Y7..."",""https://www.webscraper.io/test-sites/e-commerce/allinone/product/247"",""Lenovo Legion Y720"",""$1399.00"",""Lenovo Legion Y720, 15.6"""" FHD IPS, Core i7-7700HQ, 8GB, 128GB SSD + 2TB HDD, GeForce GTX 1060 6GB, DOS, RGB backlit keyboard"",""/images/test-sites/e-commerce/items/cart2.png"""
"1582311748-61,""https://www.webscraper.io/test-sites/e-commerce/allinone"",""Computers"",""https://www.webscraper.io/test-sites/e-commerce/allinone/computers"",""Laptops"",""https://www.webscraper.io/test-sites/e-commerce/allinone/computers/laptops"",""Lenovo IdeaPad M..."",""https://www.webscraper.io/test-sites/e-commerce/allinone/product/316"",""Lenovo IdeaPad Miix 510 Platinum Silver"",""$1212.16"",""Lenovo IdeaPad Miix 510 Platinum Silver, 12.2"""" IPS Touch, Core i5-7200U, 8GB, 256GB SSD, 4G, Windows 10 Pro"",""/images/test-sites/e-commerce/items/cart2.png"""
"1582311804-88,""https://www.webscraper.io/test-sites/e-commerce/allinone"",""Computers"",""https://www.webscraper.io/test-sites/e-commerce/allinone/computers"",""Laptops"",""https://www.webscraper.io/test-sites/e-commerce/allinone/computers/laptops"",""Dell Latitude 54..."",""https://www.webscraper.io/test-sites/e-commerce/allinone/product/291"",""Dell Latitude 5480"",""$1110.14"",""Dell Latitude 5480, 14"""" FHD, Core i5-7300U, 8GB, 500GB, Linux + Windows 10 Home"",""/images/test-sites/e-commerce/items/cart2.png"""
"1582311911-140,""https://www.webscraper.io/test-sites/e-commerce/allinone"",""Computers"",""https://www.webscraper.io/test-sites/e-commerce/allinone/computers"",""Laptops"",""https://www.webscraper.io/test-sites/e-commerce/allinone/computers/laptops"",""Acer Aspire 3 A3..."",""https://www.webscraper.io/test-sites/e-commerce/allinone/product/257"",""Acer Aspire 3 A315-31 Black"",""$372.70"",""Acer Aspire 3 A315-31 Black, 15.6"""" HD, Celeron N3350 1.1GHz, 4GB, 128GB SSD, Windows 10 Home"",""/images/test-sites/e-commerce/items/cart2.png"""
"1582311700-38,""https://www.webscraper.io/test-sites/e-commerce/allinone"",""Computers"",""https://www.webscraper.io/test-sites/e-commerce/allinone/computers"",""Laptops"",""https://www.webscraper.io/test-sites/e-commerce/allinone/computers/laptops"",""Lenovo ThinkPad..."",""https://www.webscraper.io/test-sites/e-commerce/allinone/product/335"",""Lenovo ThinkPad Yoga 370 Black"",""$1362.24"",""Lenovo ThinkPad Yoga 370 Black, 13.3"""" FHD IPS Touch, Core i5-7200U, 8GB, 256GB SSD, 4G, Windows 10 Pro"",""/images/test-sites/e-commerce/items/cart2.png"""
"1582311668-27,""https://www.webscraper.io/test-sites/e-commerce/allinone"",""Computers"",""https://www.webscraper.io/test-sites/e-commerce/allinone/computers"",""Tablets"",""https://www.webscraper.io/test-sites/e-commerce/allinone/computers/tablets"",""Galaxy Tab 3"",""https://www.webscraper.io/test-sites/e-commerce/allinone/product/209"",""Galaxy Tab 3"",""$97.99"",""7"""", 8GB, Wi-Fi, Android 4.2, White"",""/images/test-sites/e-commerce/items/cart2.png"""
"1582311921-145,""https://www.webscraper.io/test-sites/e-commerce/allinone"",""Computers"",""https://www.webscraper.io/test-sites/e-commerce/allinone/computers"",""Laptops"",""https://www.webscraper.io/test-sites/e-commerce/allinone/computers/laptops"",""Prestigio SmartB..."",""https://www.webscraper.io/test-sites/e-commerce/allinone/product/253"",""Prestigio SmartBook 133S Gold"",""$299.00"",""Prestigio SmartBook 133S Gold, 13.3"""" FHD IPS, Celeron N3350 1.1GHz, 4GB, 32GB, Windows 10 Pro + Office 365 1 gadam"",""/images/test-sites/e-commerce/items/cart2.png"""
"1582311637-12,""https://www.webscraper.io/test-sites/e-commerce/allinone"",""Computers"",""https://www.webscraper.io/test-sites/e-commerce/allinone/computers"",""Tablets"",""https://www.webscraper.io/test-sites/e-commerce/allinone/computers/tablets"",""iPad Mini Retina"",""https://www.webscraper.io/test-sites/e-commerce/allinone/product/205"",""iPad Mini Retina"",""$537.99"",""Wi-Fi + Cellular, 32GB, Silver"",""/images/test-sites/e-commerce/items/cart2.png"""
"1582311837-104,""https://www.webscraper.io/test-sites/e-commerce/allinone"",""Computers"",""https://www.webscraper.io/test-sites/e-commerce/allinone/computers"",""Laptops"",""https://www.webscraper.io/test-sites/e-commerce/allinone/computers/laptops"",""Acer Aspire A515..."",""https://www.webscraper.io/test-sites/e-commerce/allinone/product/239"",""Acer Aspire A515-51-5654"",""$679.00"",""Acer Aspire A515-51-5654, Black, 15.6"""", FHD, Core i5-8250U, 8GB DDR4, 256GB SSD, Windows 10 Home, ENG"",""/images/test-sites/e-commerce/items/cart2.png"""
"1582311785-79,""https://www.webscraper.io/test-sites/e-commerce/allinone"",""Computers"",""https://www.webscraper.io/test-sites/e-commerce/allinone/computers"",""Laptops"",""https://www.webscraper.io/test-sites/e-commerce/allinone/computers/laptops"",""Acer Nitro 5 AN5..."",""https://www.webscraper.io/test-sites/e-commerce/allinone/product/300"",""Acer Nitro 5 AN515-51"",""$1140.62"",""Acer Nitro 5 AN515-51, 15.6"""" FHD IPS, Core i7-7700HQ, 8GB, 256GB SSD +1TB, GeForce GTX 1050 Ti 4GB, Windows 10 Home + Windows 10 Home"",""/images/test-sites/e-commerce/items/cart2.png"""
"1582311760-67,""https://www.webscraper.io/test-sites/e-commerce/allinone"",""Computers"",""https://www.webscraper.io/test-sites/e-commerce/allinone/computers"",""Laptops"",""https://www.webscraper.io/test-sites/e-commerce/allinone/computers/laptops"",""Dell Latitude 54..."",""https://www.webscraper.io/test-sites/e-commerce/allinone/product/310"",""Dell Latitude 5480"",""$1187.88"",""Dell Latitude 5480, 14"""" FHD, Core i5-7300U, 8GB, 256GB SSD, Windows 10 Pro"",""/images/test-sites/e-commerce/items/cart2.png"""
"1582311915-142,""https://www.webscraper.io/test-sites/e-commerce/allinone"",""Computers"",""https://www.webscraper.io/test-sites/e-commerce/allinone/computers"",""Laptops"",""https://www.webscraper.io/test-sites/e-commerce/allinone/computers/laptops"",""Lenovo V110-15IA..."",""https://www.webscraper.io/test-sites/e-commerce/allinone/product/255"",""Lenovo V110-15IAP"",""$356.49"",""Asus VivoBook 15 X540NA-GQ008T Chocolate Black, 15.6"""" HD, Pentium N4200, 4GB, 500GB, Windows 10 Home, En kbd"",""/images/test-sites/e-commerce/items/cart2.png"""
"1582311859-115,""https://www.webscraper.io/test-sites/e-commerce/allinone"",""Computers"",""https://www.webscraper.io/test-sites/e-commerce/allinone/computers"",""Laptops"",""https://www.webscraper.io/test-sites/e-commerce/allinone/computers/laptops"",""Lenovo V510 Blac..."",""https://www.webscraper.io/test-sites/e-commerce/allinone/product/280"",""Lenovo V510 Black"",""$487.80"",""Lenovo V510 Black, 15.6"""" HD, Core i3-6006U, 4GB, 128GB SSD, Windows 10 Home"",""/images/test-sites/e-commerce/items/cart2.png"""
"1582311769-71,""https://www.webscraper.io/test-sites/e-commerce/allinone"",""Computers"",""https://www.webscraper.io/test-sites/e-commerce/allinone/computers"",""Laptops"",""https://www.webscraper.io/test-sites/e-commerce/allinone/computers/laptops"",""Acer TravelMate..."",""https://www.webscraper.io/test-sites/e-commerce/allinone/product/307"",""Acer TravelMate P645-S-511A Black"",""$1170.10"",""Acer TravelMate P645-S-511A Black, 14"""" FHD IPS, Core i5-5200U, 8GB, 256GB SSD, 3G, Windows 10 Pro"",""/images/test-sites/e-commerce/items/cart2.png"""
"1582311648-17,""https://www.webscraper.io/test-sites/e-commerce/allinone"",""Computers"",""https://www.webscraper.io/test-sites/e-commerce/allinone/computers"",""Tablets"",""https://www.webscraper.io/test-sites/e-commerce/allinone/computers/tablets"",""Galaxy Tab 4"",""https://www.webscraper.io/test-sites/e-commerce/allinone/product/212"",""Galaxy Tab 4"",""$233.99"",""LTE (SM-T235), Quad-Core 1.2GHz, 8GB, Black"",""/images/test-sites/e-commerce/items/cart2.png"""
"1582311725-50,""https://www.webscraper.io/test-sites/e-commerce/allinone"",""Computers"",""https://www.webscraper.io/test-sites/e-commerce/allinone/computers"",""Laptops"",""https://www.webscraper.io/test-sites/e-commerce/allinone/computers/laptops"",""Dell XPS 13"",""https://www.webscraper.io/test-sites/e-commerce/allinone/product/231"",""Dell XPS 13"",""$1281.99"",""13.3"""" Touch, Core i5-4210U, 8GB, 128GB SSD, Windows 8.1"",""/images/test-sites/e-commerce/items/cart2.png"""
"1582311890-130,""https://www.webscraper.io/test-sites/e-commerce/allinone"",""Computers"",""https://www.webscraper.io/test-sites/e-commerce/allinone/computers"",""Laptops"",""https://www.webscraper.io/test-sites/e-commerce/allinone/computers/laptops"",""Acer Aspire ES1-..."",""https://www.webscraper.io/test-sites/e-commerce/allinone/product/266"",""Acer Aspire ES1-732 Black"",""$410.46"",""Acer Aspire ES1-732 Black, 17.3"""" HD+, Celeron, N3350, 4GB, 1TB, Windows 10 Home"",""/images/test-sites/e-commerce/items/cart2.png"""
"1582311874-122,""https://www.webscraper.io/test-sites/e-commerce/allinone"",""Computers"",""https://www.webscraper.io/test-sites/e-commerce/allinone/computers"",""Laptops"",""https://www.webscraper.io/test-sites/e-commerce/allinone/computers/laptops"",""Lenovo V110-15IS..."",""https://www.webscraper.io/test-sites/e-commerce/allinone/product/273"",""Lenovo V110-15ISK"",""$454.73"",""Lenovo V110-15ISK, 15.6"""" HD, Core i3-6006U, 4GB, 128GB SSD, Windows 10 Pro"",""/images/test-sites/e-commerce/items/cart2.png"""
"1582311812-92,""https://www.webscraper.io/test-sites/e-commerce/allinone"",""Computers"",""https://www.webscraper.io/test-sites/e-commerce/allinone/computers"",""Laptops"",""https://www.webscraper.io/test-sites/e-commerce/allinone/computers/laptops"",""MSI GL72M 7RDX"",""https://www.webscraper.io/test-sites/e-commerce/allinone/product/287"",""MSI GL72M 7RDX"",""$1099.00"",""MSI GL72M 7RDX, 17.3"""" FHD, Core i5-7300HQ, 8GB, 1TB + 128GB SSD, GeForce GTX 1050 2GB, Windows 10 Home"",""/images/test-sites/e-commerce/items/cart2.png"""
"1582311789-81,""https://www.webscraper.io/test-sites/e-commerce/allinone"",""Computers"",""https://www.webscraper.io/test-sites/e-commerce/allinone/computers"",""Laptops"",""https://www.webscraper.io/test-sites/e-commerce/allinone/computers/laptops"",""Lenovo Legion Y5..."",""https://www.webscraper.io/test-sites/e-commerce/allinone/product/298"",""Lenovo Legion Y520"",""$1133.91"",""Lenovo Legion Y520, 15.6"""" FHD, Core i7-7700HQ, 8GB, 128 GB SSD + 1TB HDD, GTX 1050 4GB, Windows 10 Home"",""/images/test-sites/e-commerce/items/cart2.png"""
"1582311870-120,""https://www.webscraper.io/test-sites/e-commerce/allinone"",""Computers"",""https://www.webscraper.io/test-sites/e-commerce/allinone/computers"",""Laptops"",""https://www.webscraper.io/test-sites/e-commerce/allinone/computers/laptops"",""Lenovo V110-15IK..."",""https://www.webscraper.io/test-sites/e-commerce/allinone/product/275"",""Lenovo V110-15IKB"",""$465.95"",""Lenovo V110-15IKB, 15.6"""" HD, Core i5-7200U, 4GB, 500GB, DOS"",""/images/test-sites/e-commerce/items/cart2.png"""
"1582311729-52,""https://www.webscraper.io/test-sites/e-commerce/allinone"",""Computers"",""https://www.webscraper.io/test-sites/e-commerce/allinone/computers"",""Laptops"",""https://www.webscraper.io/test-sites/e-commerce/allinone/computers/laptops"",""Dell Latitude 54..."",""https://www.webscraper.io/test-sites/e-commerce/allinone/product/323"",""Dell Latitude 5480"",""$1271.06"",""Dell Latitude 5480, 14"""" FHD, Core i7-7600U, 8GB, 1TB, GeForce GT930MX, Windows 10 Pro"",""/images/test-sites/e-commerce/items/cart2.png"""
"1582311899-134,""https://www.webscraper.io/test-sites/e-commerce/allinone"",""Computers"",""https://www.webscraper.io/test-sites/e-commerce/allinone/computers"",""Laptops"",""https://www.webscraper.io/test-sites/e-commerce/allinone/computers/laptops"",""Asus VivoBook E5..."",""https://www.webscraper.io/test-sites/e-commerce/allinone/product/262"",""Asus VivoBook E502NA-GO022T Dark Blue"",""$399.99"",""Asus VivoBook E502NA-GO022T Dark Blue, 15.6"""" HD, Pentium N4200 1.1GHz, 4GB, 128GB SSD, Windows 10 Home, En/Ru kbd"",""/images/test-sites/e-commerce/items/cart2.png"""
"1582311650-18,""https://www.webscraper.io/test-sites/e-commerce/allinone"",""Computers"",""https://www.webscraper.io/test-sites/e-commerce/allinone/computers"",""Tablets"",""https://www.webscraper.io/test-sites/e-commerce/allinone/computers/tablets"",""IdeaTab S5000"",""https://www.webscraper.io/test-sites/e-commerce/allinone/product/217"",""IdeaTab S5000"",""$172.99"",""Silver, 7"""" IPS, Quad-Core 1.2Ghz, 16GB, 3G, Android 4.2"",""/images/test-sites/e-commerce/items/cart2.png"""
"1582311767-70,""https://www.webscraper.io/test-sites/e-commerce/allinone"",""Computers"",""https://www.webscraper.io/test-sites/e-commerce/allinone/computers"",""Laptops"",""https://www.webscraper.io/test-sites/e-commerce/allinone/computers/laptops"",""Dell Latitude 55..."",""https://www.webscraper.io/test-sites/e-commerce/allinone/product/308"",""Dell Latitude 5580"",""$1178.19"",""Dell Latitude 5580, 15.6"""" FHD, Core i5-7300U, 16GB, 256GB SSD, Linux + Windows 10 Home"",""/images/test-sites/e-commerce/items/cart2.png"""
"1582311872-121,""https://www.webscraper.io/test-sites/e-commerce/allinone"",""Computers"",""https://www.webscraper.io/test-sites/e-commerce/allinone/computers"",""Laptops"",""https://www.webscraper.io/test-sites/e-commerce/allinone/computers/laptops"",""Acer Aspire A315..."",""https://www.webscraper.io/test-sites/e-commerce/allinone/product/274"",""Acer Aspire A315-51-33TG"",""$457.38"",""Acer Aspire A315-51-33TG, Black 15.6"""" HD, Core i3-7100U, 4GB DDR4, 128GB SSD, Windows 10 Home, ENG"",""/images/test-sites/e-commerce/items/cart2.png"""
"1582311698-37,""https://www.webscraper.io/test-sites/e-commerce/allinone"",""Computers"",""https://www.webscraper.io/test-sites/e-commerce/allinone/computers"",""Laptops"",""https://www.webscraper.io/test-sites/e-commerce/allinone/computers/laptops"",""Toshiba Portege..."",""https://www.webscraper.io/test-sites/e-commerce/allinone/product/336"",""Toshiba Portege X20W-D-10V Black/Blue"",""$1366.32"",""Toshiba Portege X20W-D-10V Black/Blue, 12.5"""" FHD Touch, Core i7-7500U, 8GB, 512GB SSD, Windows 10 Pro"",""/images/test-sites/e-commerce/items/cart2.png"""
"1582311851-111,""https://www.webscraper.io/test-sites/e-commerce/allinone"",""Computers"",""https://www.webscraper.io/test-sites/e-commerce/allinone/computers"",""Laptops"",""https://www.webscraper.io/test-sites/e-commerce/allinone/computers/laptops"",""Dell Vostro 15 (..."",""https://www.webscraper.io/test-sites/e-commerce/allinone/product/283"",""Dell Vostro 15 (3568) Red"",""$497.17"",""Dell Vostro 15 (3568) Red, 15.6"""" HD, Core i5-7200U, 4GB, 1TB, Radeon R5 M420 2GB, Linux"",""/images/test-sites/e-commerce/items/cart2.png"""
"1582311831-101,""https://www.webscraper.io/test-sites/e-commerce/allinone"",""Computers"",""https://www.webscraper.io/test-sites/e-commerce/allinone/computers"",""Laptops"",""https://www.webscraper.io/test-sites/e-commerce/allinone/computers/laptops"",""ProBook"",""https://www.webscraper.io/test-sites/e-commerce/allinone/product/225"",""ProBook"",""$739.99"",""14"""", Core i5 2.6GHz, 4GB, 500GB, Win7 Pro 64bit"",""/images/test-sites/e-commerce/items/cart2.png"""
"1582311810-91,""https://www.webscraper.io/test-sites/e-commerce/allinone"",""Computers"",""https://www.webscraper.io/test-sites/e-commerce/allinone/computers"",""Laptops"",""https://www.webscraper.io/test-sites/e-commerce/allinone/computers/laptops"",""MSI GL72M 7RDX"",""https://www.webscraper.io/test-sites/e-commerce/allinone/product/288"",""MSI GL72M 7RDX"",""$1099.00"",""Asus ROG Strix GL553VD-DM535T, 15.6"""" FHD, Core i7-7700HQ, 8GB, 1TB + 128GB SSD, GeForce GTX 1050 2GB, Windows 10 Home, Eng kbd"",""/images/test-sites/e-commerce/items/cart2.png"""
"1582311696-36,""https://www.webscraper.io/test-sites/e-commerce/allinone"",""Computers"",""https://www.webscraper.io/test-sites/e-commerce/allinone/computers"",""Laptops"",""https://www.webscraper.io/test-sites/e-commerce/allinone/computers/laptops"",""Asus ASUSPRO B94..."",""https://www.webscraper.io/test-sites/e-commerce/allinone/product/337"",""Asus ASUSPRO B9440UA-GV0279R Gray"",""$1381.13"",""Asus ASUSPRO B9440UA-GV0279R Gray, 14"""" FHD, Core i7-7500U, 16GB, 512GB SSD, Windows 10 Pro, Eng kbd"",""/images/test-sites/e-commerce/items/cart2.png"""
"1582311903-136,""https://www.webscraper.io/test-sites/e-commerce/allinone"",""Computers"",""https://www.webscraper.io/test-sites/e-commerce/allinone/computers"",""Laptops"",""https://www.webscraper.io/test-sites/e-commerce/allinone/computers/laptops"",""Acer Aspire 3 A3..."",""https://www.webscraper.io/test-sites/e-commerce/allinone/product/261"",""Acer Aspire 3 A315-21"",""$393.88"",""Acer Aspire 3 A315-21, 15.6"""", AMD A4-9120. 4GB. 128GB SSD, Linux"",""/images/test-sites/e-commerce/items/cart2.png"""
"1582311645-16,""https://www.webscraper.io/test-sites/e-commerce/allinone"",""Computers"",""https://www.webscraper.io/test-sites/e-commerce/allinone/computers"",""Tablets"",""https://www.webscraper.io/test-sites/e-commerce/allinone/computers/tablets"",""Galaxy Tab"",""https://www.webscraper.io/test-sites/e-commerce/allinone/product/207"",""Galaxy Tab"",""$251.99"",""16GB, White"",""/images/test-sites/e-commerce/items/cart2.png"""
"1582311713-44,""https://www.webscraper.io/test-sites/e-commerce/allinone"",""Computers"",""https://www.webscraper.io/test-sites/e-commerce/allinone/computers"",""Laptops"",""https://www.webscraper.io/test-sites/e-commerce/allinone/computers/laptops"",""Apple MacBook Pr..."",""https://www.webscraper.io/test-sites/e-commerce/allinone/product/329"",""Apple MacBook Pro 13"""" Space Gray"",""$1333.00"",""Apple MacBook Pro 13"""" Space Gray, Core i5 2.3GHz, 8GB, 128GB SSD, Iris Plus 640, ENG"",""/images/test-sites/e-commerce/items/cart2.png"""
"1582311773-73,""https://www.webscraper.io/test-sites/e-commerce/allinone"",""Computers"",""https://www.webscraper.io/test-sites/e-commerce/allinone/computers"",""Laptops"",""https://www.webscraper.io/test-sites/e-commerce/allinone/computers/laptops"",""Lenovo Yoga 720..."",""https://www.webscraper.io/test-sites/e-commerce/allinone/product/305"",""Lenovo Yoga 720 Grey"",""$1149.73"",""Lenovo Yoga 720 Grey, 15.6"""" FHD IPS, Core i5-7300HQ, 8GB, 256GB SSD, GeForce GTX 1050 2GB, Windows 10 Home"",""/images/test-sites/e-commerce/items/cart2.png"""
"1582311818-95,""https://www.webscraper.io/test-sites/e-commerce/allinone"",""Computers"",""https://www.webscraper.io/test-sites/e-commerce/allinone/computers"",""Laptops"",""https://www.webscraper.io/test-sites/e-commerce/allinone/computers/laptops"",""ThinkPad Yoga"",""https://www.webscraper.io/test-sites/e-commerce/allinone/product/228"",""ThinkPad Yoga"",""$1033.99"",""12.5"""" Touch, Core i3-4010U, 4GB, 500GB + 16GB SSD Cache,"",""/images/test-sites/e-commerce/items/cart2.png"""
"1582311864-117,""https://www.webscraper.io/test-sites/e-commerce/allinone"",""Computers"",""https://www.webscraper.io/test-sites/e-commerce/allinone/computers"",""Laptops"",""https://www.webscraper.io/test-sites/e-commerce/allinone/computers/laptops"",""Lenovo V510 Blac..."",""https://www.webscraper.io/test-sites/e-commerce/allinone/product/278"",""Lenovo V510 Black"",""$484.23"",""Lenovo V510 Black, 14"""" HD, Core i3-6006U, 4GB, 128GB SSD, Windows 10 Home"",""/images/test-sites/e-commerce/items/cart2.png"""
"1582311746-60,""https://www.webscraper.io/test-sites/e-commerce/allinone"",""Computers"",""https://www.webscraper.io/test-sites/e-commerce/allinone/computers"",""Laptops"",""https://www.webscraper.io/test-sites/e-commerce/allinone/computers/laptops"",""Acer Predator He..."",""https://www.webscraper.io/test-sites/e-commerce/allinone/product/317"",""Acer Predator Helios 300 (PH317-51)"",""$1221.58"",""Acer Predator Helios 300 (PH317-51), 17.3"""" FHD IPS, Core i7-7700HQ, 8GB, 1TB + 128GB SSD, GeForce GTX 1050 Ti 4GB, Windows 10 Home"",""/images/test-sites/e-commerce/items/cart2.png"""
"1582311734-54,""https://www.webscraper.io/test-sites/e-commerce/allinone"",""Computers"",""https://www.webscraper.io/test-sites/e-commerce/allinone/computers"",""Laptops"",""https://www.webscraper.io/test-sites/e-commerce/allinone/computers/laptops"",""Asus ROG Strix G..."",""https://www.webscraper.io/test-sites/e-commerce/allinone/product/321"",""Asus ROG Strix GL753VE-GC096T"",""$1259.00"",""Asus ROG Strix GL753VE-GC096T, 17.3"""" FHD, Core i7-7700HQ, 8GB, 1TB + 128GB SSD, GeForce GTX 1050 Ti 4GB, Windows 10 Home, Eng kbd"",""/images/test-sites/e-commerce/items/cart2.png"""
"1582311839-105,""https://www.webscraper.io/test-sites/e-commerce/allinone"",""Computers"",""https://www.webscraper.io/test-sites/e-commerce/allinone/computers"",""Laptops"",""https://www.webscraper.io/test-sites/e-commerce/allinone/computers/laptops"",""Pavilion"",""https://www.webscraper.io/test-sites/e-commerce/allinone/product/229"",""Pavilion"",""$609.99"",""15.6"""", Core i5-4200U, 6GB, 750GB, Windows 8.1"",""/images/test-sites/e-commerce/items/cart2.png"""
"1582311862-116,""https://www.webscraper.io/test-sites/e-commerce/allinone"",""Computers"",""https://www.webscraper.io/test-sites/e-commerce/allinone/computers"",""Laptops"",""https://www.webscraper.io/test-sites/e-commerce/allinone/computers/laptops"",""Acer Aspire ES1-..."",""https://www.webscraper.io/test-sites/e-commerce/allinone/product/279"",""Acer Aspire ES1-572 Black"",""$485.90"",""Acer Aspire ES1-572 Black, 15.6"""" HD, Core i5-7200U, 4GB, 128GB SSD, Linux"",""/images/test-sites/e-commerce/items/cart2.png"""
"1582311884-127,""https://www.webscraper.io/test-sites/e-commerce/allinone"",""Computers"",""https://www.webscraper.io/test-sites/e-commerce/allinone/computers"",""Laptops"",""https://www.webscraper.io/test-sites/e-commerce/allinone/computers/laptops"",""Asus EeeBook R41..."",""https://www.webscraper.io/test-sites/e-commerce/allinone/product/268"",""Asus EeeBook R416NA-FA014T"",""$433.30"",""Asus EeeBook R416NA-FA014T, 14"""" FHD, Pentium N4200, 4GB, 128GB eMMC, Windows 10 Home, Eng kbd"",""/images/test-sites/e-commerce/items/cart2.png"""
"1582311895-132,""https://www.webscraper.io/test-sites/e-commerce/allinone"",""Computers"",""https://www.webscraper.io/test-sites/e-commerce/allinone/computers"",""Laptops"",""https://www.webscraper.io/test-sites/e-commerce/allinone/computers/laptops"",""Acer Aspire 3 A3..."",""https://www.webscraper.io/test-sites/e-commerce/allinone/product/264"",""Acer Aspire 3 A315-31 Black"",""$408.98"",""Acer Aspire 3 A315-31 Black, 15.6"""" HD, Pentium N4200 1.1GHz, 4GB, 128GB SSD, Windows 10 Home"",""/images/test-sites/e-commerce/items/cart2.png"""
"1582311888-129,""https://www.webscraper.io/test-sites/e-commerce/allinone"",""Computers"",""https://www.webscraper.io/test-sites/e-commerce/allinone/computers"",""Laptops"",""https://www.webscraper.io/test-sites/e-commerce/allinone/computers/laptops"",""Asus VivoBook 15..."",""https://www.webscraper.io/test-sites/e-commerce/allinone/product/267"",""Asus VivoBook 15 X540NA-GQ026T"",""$410.66"",""Asus VivoBook 15 X540NA-GQ026T Chocolate Black, 15.6"""" HD, Pentium N4200, 4GB, 128GB SSD, Windows 10 Home, En/Ru kbd"",""/images/test-sites/e-commerce/items/cart2.png"""
